

SET SQL_MODE="NO_AUTO_VALUE_ON_ZERO";


/*!40101 SET @OLD_CHARACTER_SET_CLIENT=@@CHARACTER_SET_CLIENT */;
/*!40101 SET @OLD_CHARACTER_SET_RESULTS=@@CHARACTER_SET_RESULTS */;
/*!40101 SET @OLD_COLLATION_CONNECTION=@@COLLATION_CONNECTION */;
/*!40101 SET NAMES utf8 */;

--
-- 数据库: `library`
--

-- --------------------------------------------------------

--
-- 表的结构 `admin`
--

CREATE TABLE IF NOT EXISTS `admin` (
  `AdminID` int(11) NOT NULL AUTO_INCREMENT,
  `password` varchar(15) DEFAULT NULL,
  `AdminName` varchar(30) DEFAULT NULL,
  `phone` varchar(12) DEFAULT NULL,
  PRIMARY KEY (`AdminID`)
)  ;

--
-- 转存表中的数据 `admin`
--

INSERT INTO `admin` (`AdminID`, `password`, `AdminName`, `phone`) VALUES
(1, 'admin1', 'admin1', '123456'),
(2, 'admin2', 'admin2', '123456'),
(3, 'admin3', 'admin3', '123456'),

-- --------------------------------------------------------

--
-- 表的结构 `film`
--

CREATE TABLE IF NOT EXISTS `Films` (
  `FilmID` int(11) NOT NULL AUTO_INCREMENT,
  `FilmCategory` varchar(30) DEFAULT NULL,
  `FilmName` varchar(30) DEFAULT NULL,
 
  `year` int(11) DEFAULT NULL,
  `actor` varchar(30) DEFAULT NULL,
  `price` decimal(6,2) DEFAULT NULL,
  `Total` int(11) DEFAULT NULL,
  `Inventory` int(11) DEFAULT NULL,
   `country` VARCHAR(30) DEFAULT NULL,
  'language' VARCHAR(30) DEFAULT NULL,
  PRIMARY KEY (`FilmID`)
) ;

--
-- 转存表中的数据 `books`
--

INSERT INTO `Films` (`FilmID`, `FilmCategory`, `FilmName`,  `year`, `actor`, `price`, `Total`, `Inventory`,'country','language') VALUES

(1001, '爱情片', '美丽人生',1997, '罗伯托.贝尼尼', 12.00, 100, 100,'意大利','意大利语'),
(1002, '爱情片', '泰坦尼克号',1998, '莱昂纳多', 13.00, 100, 100,'美国','英语'),
(1003, '爱情片', '乱世佳人', 1939, '托马斯.米切尔', 14.00, 100, 100,'美国','英语'),
(1004, '爱情片', '摩登时代',1936, '查理.卓别林', 15.00, 100, 100,'美国','英语'),
(1005, '爱情片', '怦然心动', 2010, '玛德琳.卡罗尔', 16.00, 100, 100,'美国','英语'),
(1006, '文艺片', '灿烂人生',2003, '路易吉.洛.卡肖', 17.00, 100, 100,'意大利','意大利'),
(1007, '文艺片', '阿飞正传',1990, '张国荣', 18.00, 100, 100,'中国香港','粤语'),
(1008, '文艺片', '一代宗师', 2013, '梁朝伟', 19.00, 100, 100,'中国','普通话'),
(1009, '文艺片', '情书',1995, '中山美穗', 20.00, 100, 100,'日本','日语'),
(1010, '文艺片', '李米的猜想',2008, '周迅', 21.00, 100, 100,'中国','普通话'),
(1011, '文艺片', '花与爱丽丝',2004, '铃木杏', 22.00, 100, 100,'日本','日语'),
(1012, '文艺片', '燕尾蝶',1996, '恰拉', 23.00, 100, 100,'日本','日语'),
(1013, '历史片', '芳华', 2018, '钟楚曦', 24.00, 100, 100,'中国','普通话'),
(1014, '历史片', '第一夫人',2018, '娜塔莉.波特曼', 25.00, 100, 100,'美国','英语'),
(1015, '历史片', '杨贵妃',2015, '范冰冰', 26.00, 100, 100,'中国','普通话'),
(1016, '历史片', '黄金时代',2014, '汤唯', 27.00, 100, 100,'中国','普通话'),
(1017, '战争片', '敦刻尔克',2017, '菲恩.怀特海德', 28.00, 100, 100,'英国','英语'),
(1018, '战争片', '现代启示录',1979, '马龙.白兰度', 28.00, 100, 100,'英国','英语'),
(1019, '战争片', '阿拉伯的劳伦斯',1962, '比的.奥图尔', 28.00, 100, 100,'英国','英语'),
(1020, '战争片', '太极旗飘扬',2004, '张东健', 28.00, 100, 100,'韩国','韩语'),
(1021, '战争片', '荡寇风云',2017, '赵文卓', 28.00, 100, 100,'中国','普通话'),
(1022, '音乐片', '音乐之声',1965, '朱莉.安德鲁斯', 28.00, 100, 100,'美国','英语'),
(1023, '音乐片', '绿野仙踪',1939, '朱迪.加兰', 28.00, 100, 100,'美国','英语'),
(1024, '音乐片', '音乐之声',1965, '朱莉.安德鲁斯', 28.00, 100, 100,'美国','英语'),
(1025, '音乐片', '周末夜狂热',1977, '约翰.特拉沃尔塔', 28.00, 100, 100,'美国','英语'),
(1026, '音乐片', '音乐之声',1965, '朱莉.安德鲁斯', 28.00, 100, 100,'美国','英语'),
(1027, '音乐片', '卡门',1983, '安东尼奥.加德斯', 28.00, 100, 100,'西班牙','西班牙'),
(1028, '音乐片', '雨中曲',1965, '吉恩.凯利', 28.00, 100, 100,'美国','英语'),
(1029, '悬疑片', '盗梦空间',2010, '莱昂纳多', 28.00, 100, 100,'美国','英语'),
(1030, '悬疑片', '无间道',2002, '刘德华', 28.00, 100, 100,'中国香港','粤语'),
(1031, '悬疑片', '刺杀肯尼迪',1991, '凯文.科斯特纳', 28.00, 100, 100,'美国','英语'),
(1032, '悬疑片', '七宗罪',2010, '摩根.弗里曼', 28.00, 100, 100,'美国','英语'),
(1033, '悬疑片', '消失的爱人',2014, '本.阿弗莱克', 28.00, 100, 100,'美国','英语'),
(1034, '悬疑片', '记忆碎片',2010, '盖.皮尔斯', 28.00, 100, 100,'美国','英语'),
(1035, '悬疑片', '杀死一只知更鸟',1962, '格利高里.派克', 28.00, 100, 100,'美国','英语'),
(1036, '悬疑片', '王牌对王牌',1998, '塞缪尔.杰克逊', 28.00, 100, 100,'美国','英语'),
(1037, '悬疑片', '源代码',2011, '杰克.吉伦哈尔', 28.00, 100, 100,'美国','英语'),
(1038, '动画片', '千与千寻',2001, '柊瑠美', 28.00, 100, 100,'美国','英语'),
(1039, '动画片', '机器人总动员',2008, '安德鲁.斯坦顿', 28.00, 100, 100,'美国','英语'),
(1040, '动画片', '疯狂动物城',2016, '金妮弗.古德温', 28.00, 100, 100,'美国','英语'),
(1041, '动画片', '龙猫',1988, '日高法子', 28.00, 100, 100,'日本','日语'),
(1042, '动画片', '天空之城',1986, '田中真弓', 28.00, 100, 100,'日本','日语'),
(1043, '动画片', '哪吒闹海',1979, '梁正辉', 28.00, 100, 100,'中国','普通话'),


-- --------------------------------------------------------

--
-- 表的结构 `borrow`
--

CREATE TABLE IF NOT EXISTS `borrow` (
  `FilmID` int(11) NOT NULL DEFAULT '0',
  `CardID` int(11) NOT NULL DEFAULT '0',
  `BorrowTime` date DEFAULT NULL,
  `ReturnTime` date DEFAULT NULL,
  `AdminID` int(11) DEFAULT NULL,
  PRIMARY KEY (`FilmID`,`CardID`),
  KEY `Card_id` (`CardID`),
  KEY `Ad_id` (`AdminID`)
);

--
-- 转存表中的数据 `borrow`
--

INSERT INTO `borrow` (`FilmID`, `CardID`, `BorrowTime`, `ReturnTime`, `AdminID`) VALUES
(1000, 1000, '2018-05-16', '2018-06-16', 1),
(1000, 1003, '2018-05-16', '2018-06-16', 1),
(1000, 1004, '2018-05-16', '2018-06-16', 2),
(1000, 1005, '2018-05-16', '2011-06-16', 3),
(1023, 1004, '2018-05-16', '2011-06-16', 1);

-- --------------------------------------------------------

--
-- 表的结构 `cards`
--

CREATE TABLE IF NOT EXISTS `cards` (
  `CardID` int(11) NOT NULL AUTO_INCREMENT,
  `CardName` varchar(30) DEFAULT NULL,
  `department` varchar(30) DEFAULT NULL,
  `job` char(1) DEFAULT NULL,
  PRIMARY KEY (`CardID`)
) ;

--
-- 转存表中的数据 `cards`
--

INSERT INTO `cards` (`CardID`, `CardName`, `department`, `job`) VALUES
(1000, 'aaa', 'CS', 'T'),
(1003, 'bbb', 'CS', 'S'),
(1004, 'ccc', 'SE', 'T'),
(1005, 'ddd', 'SE', 'S');
